[
    {
        "id": 1,
        "title": "Lorem ipsum dolor sit amet",
        "content": "Lorem ipsum dolor sit amet, consectetur adipiscing elit. Nulla justo libero, fringilla quis accumsan in, aliquet at metus. Maecenas ac sagittis elit, ac suscipit mauris. Fusce aliquam vitae felis nec condimentum. Maecenas aliquet elit id eros efficitur mattis. Aliquam ut magna venenatis, placerat odio a, facilisis enim. Vivamus convallis nulla vel massa euismod, sit amet viverra lectus tincidunt. Ut gravida non ligula at molestie. Ut sed massa sit amet leo semper mollis. Donec commodo ante nisl, non porttitor lectus gravida fringilla. Vestibulum suscipit quam pretium justo condimentum porta. Etiam velit nulla, ullamcorper eget lacus non, fermentum tristique lacus. Quisque pharetra metus ac elit congue varius."
    },
    {
        "id": 2,
        "title": "Sed rutrum sapien libero",
        "content": "Sed rutrum sapien libero, vel gravida magna tincidunt a. Ut metus magna, pulvinar eu elementum a, tincidunt sed felis. Cras tempus mauris ipsum, ac cursus risus laoreet et. Sed eget mauris vel tortor lacinia faucibus ut et eros. Etiam suscipit ligula at turpis imperdiet, a pharetra mi sollicitudin. Integer at gravida leo. Integer facilisis eleifend ligula ac posuere. Nam facilisis vestibulum molestie. Nulla vestibulum eget dui sit amet fermentum. Morbi hendrerit, velit non vehicula rhoncus, dolor libero rutrum mauris, ac luctus magna enim vel odio. Proin ut ex non mi euismod luctus. Nunc vehicula magna quis libero gravida, vel interdum leo interdum."
    },
    {
        "id": 3,
        "title": "Maecenas et odio at lacus",
        "content": "Maecenas et odio at lacus suscipit ullamcorper id eget ligula. Suspendisse ex leo, elementum at elit sed, lacinia efficitur neque. Phasellus vel felis ex. Curabitur vel arcu mi. Duis lacinia elit ultrices faucibus tincidunt. Nulla fermentum placerat neque vitae blandit. Maecenas nec luctus odio. Sed non dui tempor, pretium lorem id, elementum arcu."
    }
]
